<?xml version="1.0" encoding="UTF-8"?>
<metadata xml:lang="zh"><Esri><CreaDate>20170317</CreaDate><CreaTime>13463600</CreaTime><ArcGISFormat>1.0</ArcGISFormat><SyncOnce>TRUE</SyncOnce><DataProperties><lineage><Process ToolSource="c:\program files (x86)\arcgis\desktop10.5\ArcToolbox\Toolboxes\Data Management Tools.tbx\CalculateField" Date="20170317" Time="134636">CalculateField "Bike Lanes" BikeInfDis [BLDist] VB #</Process><Process ToolSource="c:\program files (x86)\arcgis\desktop10.5\ArcToolbox\Toolboxes\Data Management Tools.tbx\CalculateField" Date="20170317" Time="134803">CalculateField "Bike Lanes" BikeInfDis [BLDist] VB #</Process><Process ToolSource="c:\program files (x86)\arcgis\desktop10.5\ArcToolbox\Toolboxes\Data Management Tools.tbx\CalculateField" Date="20170317" Time="134852">CalculateField "Bike Lanes" BikeInfDis [BLDist]*2 VB #</Process><Process ToolSource="c:\program files (x86)\arcgis\desktop10.5\ArcToolbox\Toolboxes\Data Management Tools.tbx\CalculateField" Date="20170317" Time="140605">CalculateField "Bike Lanes" BikeInfDis "[BLDist] *2" VB #</Process><Process ToolSource="c:\program files (x86)\arcgis\desktop10.5\ArcToolbox\Toolboxes\Data Management Tools.tbx\CalculateField" Date="20170317" Time="140915">CalculateField "Bike Lanes" BikeInfDis "[BLDist] *2" VB #</Process><Process ToolSource="c:\program files (x86)\arcgis\desktop10.5\ArcToolbox\Toolboxes\Data Management Tools.tbx\CalculateField" Date="20170317" Time="141115">CalculateField "Bike Lanes" BikeInfDis "[BLDist] 
" VB #</Process></lineage></DataProperties></Esri></metadata>
